Workbook

Sheet 15° Valve Position - 1kW
A1: 15° Valve Position: 1kW
A3: Flow | D3: Pressure | K3: Temperature | S3: Heater power
A4: Elapsed Time (s) | B4: Heat Exchanger Flow (GPM) | C4: Main Loop Flow (GPM) | D4: P1 (psi) | E4: P2 (psi) | F4: P3 (psi) | G4: P4 (psi) | H4: P5 (psi) | I4: P6 (psi) | J4: P7 (psi) | K4: T1 (deg C) | L4: T2 (deg C) | M4: T3 (deg C) | N4: T4 (deg C) | O4: T5 (deg C) | P4: T6 (deg C) | Q4: T7 (deg C) | R4: T8 (deg C) | S4: Rod voltage (V) | T4: Rod Current (A) | U4: Rod Power (W)
A5: 5272.833 | B5: 1.0026 | C5: 25.7772 | D5: 2.2054 | E5: 2.8846 | F5: 5.9722 | G5: 6.2813 | H5: 0.1067 | I5: 8.0096 | J5: 4.6748 | K5: 33.8467 | L5: 34.1729 | M5: 34.1294 | N5: 34.0844 | O5: 33.8274 | P5: 33.7581 | Q5: 34.261 | R5: 28.8142 | S5: 3.9664 | T5: 239.7542 | U5: 950.9675
A6: 5273.832 | B6: 0.9998 | C6: 25.6299 | D6: 2.082 | E6: 3.0081 | F6: 6.1574 | G6: 6.4665 | H6: 0.1685 | I6: 7.8244 | J6: 5.2304 | K6: 33.8348 | L6: 34.1891 | M6: 34.1263 | N6: 34.086 | O6: 33.7941 | P6: 33.751 | Q6: 34.2504 | R6: 28.8085 | S6: 3.9665 | T6: 239.7295 | U6: 950.8897
A7: 5274.832 | B7: 0.999 | C7: 25.7043 | D7: 2.2054 | E7: 3.255 | F7: 5.9722 | G7: 6.4048 | H7: -0.0167 | I7: 8.0713 | J7: 3.9956 | K7: 33.832 | L7: 34.1786 | M7: 34.1261 | N7: 34.1023 | O7: 33.8142 | P7: 33.7532 | Q7: 34.2737 | R7: 28.8211 | S7: 3.9666 | T7: 239.7025 | U7: 950.8137
A8: 5275.832 | B8: 0.9988 | C8: 25.5679 | D8: 1.8351 | E8: 3.6872 | F8: 6.0956 | G8: 6.6517 | H8: 0.2302 | I8: 8.2565 | J8: 4.4278 | K8: 33.8438 | L8: 34.1701 | M8: 34.1289 | N8: 34.0698 | O8: 33.8045 | P8: 33.752 | Q8: 34.2295 | R8: 28.8166 | S8: 3.9667 | T8: 239.6884 | U8: 950.769
A9: 5276.832 | B9: 0.9972 | C9: 25.701 | D9: 2.082 | E9: 3.6254 | F9: 6.5278 | G9: 5.8492 | H9: -0.0167 | I9: 8.2565 | J9: 4.9835 | K9: 33.8429 | L9: 34.1714 | M9: 34.1471 | N9: 34.0984 | O9: 33.8101 | P9: 33.7159 | Q9: 34.2604 | R9: 28.8255 | S9: 3.9667 | T9: 239.6975 | U9: 950.8035
A10: 5277.832 | B10: 0.9978 | C10: 25.6509 | D10: 2.0203 | E10: 3.6254 | F10: 5.9722 | G10: 6.7752 | H10: 0.1685 | I10: 8.0713 | J10: 4.7365 | K10: 33.8427 | L10: 34.1697 | M10: 34.1168 | N10: 34.1023 | O10: 33.8146 | P10: 33.757 | Q10: 34.239 | R10: 28.8103 | S10: 3.9667 | T10: 239.6892 | U10: 950.7842
A11: 5278.832 | B11: 0.9972 | C11: 25.7809 | D11: 1.5882 | E11: 3.0698 | F11: 6.2809 | G11: 6.4048 | H11: 0.1067 | I11: 7.7009 | J11: 5.2304 | K11: 33.8406 | L11: 34.1655 | M11: 34.1369 | N11: 34.1008 | O11: 33.804 | P11: 33.7375 | Q11: 34.261 | R11: 28.8222 | S11: 3.9667 | T11: 239.6893 | U11: 950.7747
A12: 5279.832 | B12: 0.9968 | C12: 25.9754 | D12: 2.8844 | E12: 3.4402 | F12: 5.9104 | G12: 5.8492 | H12: 0.1067 | I12: 8.0096 | J12: 4.86 | K12: 33.8585 | L12: 34.164 | M12: 34.1191 | N12: 34.0938 | O12: 33.8093 | P12: 33.7517 | Q12: 34.2436 | R12: 28.8342 | S12: 3.9668 | T12: 239.6797 | U12: 950.7607
A13: 5280.832 | B13: 0.9972 | C13: 25.5323 | D13: 1.8351 | E13: 3.5637 | F13: 6.0339 | G13: 6.0961 | H13: 0.292 | I13: 7.8861 | J13: 5.0452 | K13: 33.8377 | L13: 34.1722 | M13: 34.1282 | N13: 34.0786 | O13: 33.8152 | P13: 33.7529 | Q13: 34.2444 | R13: 28.7958 | S13: 3.9668 | T13: 239.6699 | U13: 950.7199
A14: 5281.832 | B14: 0.9976 | C14: 25.5153 | D14: 2.082 | E14: 3.3785 | F14: 6.1574 | G14: 6.7135 | H14: 0.1067 | I14: 8.0096 | J14: 5.0452 | K14: 33.8277 | L14: 34.1504 | M14: 34.1176 | N14: 34.0825 | O14: 33.7841 | P14: 33.7358 | Q14: 34.2482 | R14: 28.8008 | S14: 3.9669 | T14: 239.6275 | U14: 950.5896
A15: 5282.832 | B15: 0.9968 | C15: 25.7092 | D15: 2.3906 | E15: 3.3785 | F15: 6.0956 | G15: 6.2813 | H15: -0.2637 | I15: 8.4418 | J15: 4.9217 | K15: 33.8418 | L15: 34.1779 | M15: 34.1306 | N15: 34.0959 | O15: 33.8015 | P15: 33.742 | Q15: 34.2552 | R15: 28.7985 | S15: 3.9669 | T15: 239.6492 | U15: 950.6591
A16: 5283.832 | B16: 0.9966 | C16: 25.5636 | D16: 1.7733 | E16: 2.8846 | F16: 6.2809 | G16: 6.4048 | H16: -0.1402 | I16: 9.7382 | J16: 5.4774 | K16: 33.832 | L16: 34.1654 | M16: 34.1087 | N16: 34.097 | O16: 33.7927 | P16: 33.7308 | Q16: 34.2417 | R16: 28.8038 | S16: 3.9669 | T16: 239.6397 | U16: 950.6211
... A604: 5871.832 | B604: 1.0038 | C604: 25.9274 | D604: 1.9585 | E604: 3.255 | F604: 7.3304 | G604: 6.343 | H604: -0.2637 | I604: 8.5035 | J604: 5.0452 | K604: 33.7419 | L604: 34.1107 | M604: 34.0602 | N604: 34.0264 | O604: 33.7442 | P604: 33.6894 | Q604: 34.1927 | R604: 28.836 | S604: 3.9678 | T604: 239.3348 | U604: 949.6407

Sheet Summary
A1: 15° Valve Position: 1kW (steady-state summary)
A3: Channel | B3: Mean | C3: Std dev | D3: Min | E3: Max
A4: Elapsed Time (s) | B4: =AVERAGE('15° Valve Position - 1kW'!A5:A604) -> 5572.3321 | C4: =STDEV('15° Valve Position - 1kW'!A5:A604) -> 173.34937 | D4: =MIN('15° Valve Position - 1kW'!A5:A604) -> 5272.833 | E4: =MAX('15° Valve Position - 1kW'!A5:A604) -> 5871.832
A5: Heat Exchanger Flow (GPM) | B5: =AVERAGE('15° Valve Position - 1kW'!B5:B604) -> 1.0062273 | C5: =STDEV('15° Valve Position - 1kW'!B5:B604) -> 0.0051635249 | D5: =MIN('15° Valve Position - 1kW'!B5:B604) -> 0.996 | E5: =MAX('15° Valve Position - 1kW'!B5:B604) -> 1.0191
A6: Main Loop Flow (GPM) | B6: =AVERAGE('15° Valve Position - 1kW'!C5:C604) -> 25.747322 | C6: =STDEV('15° Valve Position - 1kW'!C5:C604) -> 0.1546274 | D6: =MIN('15° Valve Position - 1kW'!C5:C604) -> 25.2547 | E6: =MAX('15° Valve Position - 1kW'!C5:C604) -> 26.2055
A7: P1 (psi) | B7: =AVERAGE('15° Valve Position - 1kW'!D5:D604) -> 1.9527677 | C7: =STDEV('15° Valve Position - 1kW'!D5:D604) -> 0.29389939 | D7: =MIN('15° Valve Position - 1kW'!D5:D604) -> 0.9709 | E7: =MAX('15° Valve Position - 1kW'!D5:D604) -> 3.6252
A8: P2 (psi) | B8: =AVERAGE('15° Valve Position - 1kW'!E5:E604) -> 3.3122067 | C8: =STDEV('15° Valve Position - 1kW'!E5:E604) -> 0.30341717 | D8: =MIN('15° Valve Position - 1kW'!E5:E604) -> 1.8351 | E8: =MAX('15° Valve Position - 1kW'!E5:E604) -> 4.6132
A9: P3 (psi) | B9: =AVERAGE('15° Valve Position - 1kW'!F5:F604) -> 6.0205225 | C9: =STDEV('15° Valve Position - 1kW'!F5:F604) -> 0.32803531 | D9: =MIN('15° Valve Position - 1kW'!F5:F604) -> 4.2434 | E9: =MAX('15° Valve Position - 1kW'!F5:F604) -> 7.5774
A10: P4 (psi) | B10: =AVERAGE('15° Valve Position - 1kW'!G5:G604) -> 6.31084 | C10: =STDEV('15° Valve Position - 1kW'!G5:G604) -> 0.29303455 | D10: =MIN('15° Valve Position - 1kW'!G5:G604) -> 5.1084 | E10: =MAX('15° Valve Position - 1kW'!G5:G604) -> 7.7012
A11: P5 (psi) | B11: =AVERAGE('15° Valve Position - 1kW'!H5:H604) -> 0.035840167 | C11: =STDEV('15° Valve Position - 1kW'!H5:H604) -> 0.30708717 | D11: =MIN('15° Valve Position - 1kW'!H5:H604) -> -1.0664 | E11: =MAX('15° Valve Position - 1kW'!H5:H604) -> 1.4033
A12: P6 (psi) | B12: =AVERAGE('15° Valve Position - 1kW'!I5:I604) -> 8.1824587 | C12: =STDEV('15° Valve Position - 1kW'!I5:I604) -> 0.31870993 | D12: =MIN('15° Valve Position - 1kW'!I5:I604) -> 6.7132 | E12: =MAX('15° Valve Position - 1kW'!I5:I604) -> 9.9234
A13: P7 (psi) | B13: =AVERAGE('15° Valve Position - 1kW'!J5:J604) -> 4.8214068 | C13: =STDEV('15° Valve Position - 1kW'!J5:J604) -> 0.28039979 | D13: =MIN('15° Valve Position - 1kW'!J5:J604) -> 3.5634 | E13: =MAX('15° Valve Position - 1kW'!J5:J604) -> 6.0331
A14: T1 (deg C) | B14: =AVERAGE('15° Valve Position - 1kW'!K5:K604) -> 33.790683 | C14: =STDEV('15° Valve Position - 1kW'!K5:K604) -> 0.023807057 | D14: =MIN('15° Valve Position - 1kW'!K5:K604) -> 33.7261 | E14: =MAX('15° Valve Position - 1kW'!K5:K604) -> 33.8585
A15: T2 (deg C) | B15: =AVERAGE('15° Valve Position - 1kW'!L5:L604) -> 34.131615 | C15: =STDEV('15° Valve Position - 1kW'!L5:L604) -> 0.021135837 | D15: =MIN('15° Valve Position - 1kW'!L5:L604) -> 34.081 | E15: =MAX('15° Valve Position - 1kW'!L5:L604) -> 34.1891
A16: T3 (deg C) | B16: =AVERAGE('15° Valve Position - 1kW'!M5:M604) -> 34.079239 | C16: =STDEV('15° Valve Position - 1kW'!M5:M604) -> 0.021437299 | D16: =MIN('15° Valve Position - 1kW'!M5:M604) -> 34.0303 | E16: =MAX('15° Valve Position - 1kW'!M5:M604) -> 34.1471
A17: T4 (deg C) | B17: =AVERAGE('15° Valve Position - 1kW'!N5:N604) -> 34.046025 | C17: =STDEV('15° Valve Position - 1kW'!N5:N604) -> 0.022957256 | D17: =MIN('15° Valve Position - 1kW'!N5:N604) -> 33.9843 | E17: =MAX('15° Valve Position - 1kW'!N5:N604) -> 34.1023
A18: T5 (deg C) | B18: =AVERAGE('15° Valve Position - 1kW'!O5:O604) -> 33.77832 | C18: =STDEV('15° Valve Position - 1kW'!O5:O604) -> 0.021517352 | D18: =MIN('15° Valve Position - 1kW'!O5:O604) -> 33.7079 | E18: =MAX('15° Valve Position - 1kW'!O5:O604) -> 33.8313
A19: T6 (deg C) | B19: =AVERAGE('15° Valve Position - 1kW'!P5:P604) -> 33.713323 | C19: =STDEV('15° Valve Position - 1kW'!P5:P604) -> 0.021780771 | D19: =MIN('15° Valve Position - 1kW'!P5:P604) -> 33.6666 | E19: =MAX('15° Valve Position - 1kW'!P5:P604) -> 33.7751
A20: T7 (deg C) | B20: =AVERAGE('15° Valve Position - 1kW'!Q5:Q604) -> 34.205093 | C20: =STDEV('15° Valve Position - 1kW'!Q5:Q604) -> 0.023435915 | D20: =MIN('15° Valve Position - 1kW'!Q5:Q604) -> 34.156 | E20: =MAX('15° Valve Position - 1kW'!Q5:Q604) -> 34.2737
A21: T8 (deg C) | B21: =AVERAGE('15° Valve Position - 1kW'!R5:R604) -> 28.829897 | C21: =STDEV('15° Valve Position - 1kW'!R5:R604) -> 0.01296379 | D21: =MIN('15° Valve Position - 1kW'!R5:R604) -> 28.7932 | E21: =MAX('15° Valve Position - 1kW'!R5:R604) -> 28.8645
A22: Rod voltage (V) | B22: =AVERAGE('15° Valve Position - 1kW'!S5:S604) -> 3.9672898 | C22: =STDEV('15° Valve Position - 1kW'!S5:S604) -> 0.00055584312 | D22: =MIN('15° Valve Position - 1kW'!S5:S604) -> 3.966 | E22: =MAX('15° Valve Position - 1kW'!S5:S604) -> 3.9688
A23: Rod Current (A) | B23: =AVERAGE('15° Valve Position - 1kW'!T5:T604) -> 239.50647 | C23: =STDEV('15° Valve Position - 1kW'!T5:T604) -> 0.15638182 | D23: =MIN('15° Valve Position - 1kW'!T5:T604) -> 239.1064 | E23: =MAX('15° Valve Position - 1kW'!T5:T604) -> 239.8559
A24: Rod Power (W) | B24: =AVERAGE('15° Valve Position - 1kW'!U5:U604) -> 950.19145 | C24: =STDEV('15° Valve Position - 1kW'!U5:U604) -> 0.48946393 | D24: =MIN('15° Valve Position - 1kW'!U5:U604) -> 948.9228 | E24: =MAX('15° Valve Position - 1kW'!U5:U604) -> 951.2918
A26: Derived (difference of means)
A27: Core ΔT: T2 − T3 (°C) | B27: =B15-B16 -> 0.052376333
A28: Core ΔP: P3 − P2 (psi) | B28: =B9-B8 -> 2.7083158
A29: T3 − T4 (°C), same water | B29: =B16-B17 -> 0.033214
A30: T7 − T4 (°C), bypass flag | B30: =B20-B17 -> 0.15906867
A31: City-water rise: T6 − T8 (°C) | B31: =B19-B21 -> 4.8834263
A33: Window length (min) | B33: =(E4-D4)/60 -> 9.9833167
