Workbook

Sheet 75° Valve Position - 1kW
A1: 75° Valve Position: 1kW
A3: Flow | D3: Pressure | K3: Temperature | S3: Heater power
A4: Elapsed Time (s) | B4: Heat Exchanger Flow (GPM) | C4: Main Loop Flow (GPM) | D4: P1 (psi) | E4: P2 (psi) | F4: P3 (psi) | G4: P4 (psi) | H4: P5 (psi) | I4: P6 (psi) | J4: P7 (psi) | K4: T1 (deg C) | L4: T2 (deg C) | M4: T3 (deg C) | N4: T4 (deg C) | O4: T5 (deg C) | P4: T6 (deg C) | Q4: T7 (deg C) | R4: T8 (deg C) | S4: Rod voltage (V) | T4: Rod Current (A) | U4: Rod Power (W)
A5: 14655.832 | B5: 0.9772 | C5: 57.4953 | D5: 1.2178 | E5: 2.4524 | F5: 5.6017 | G5: 8.689 | H5: 0.292 | I5: 7.8861 | J5: 7.2679 | K5: 34.3019 | L5: 34.4621 | M5: 34.4776 | N5: 34.4265 | O5: 34.2472 | P5: 34.2102 | Q5: 34.5183 | R5: 28.9056 | S5: 3.9688 | T5: 237.6446 | U5: 943.157
A6: 14656.832 | B6: 0.9809 | C6: 57.5289 | D6: 1.3412 | E6: 1.8968 | F6: 6.4043 | G6: 8.689 | H6: 0.1067 | I6: 8.3183 | J6: 6.3418 | K6: 34.3092 | L6: 34.465 | M6: 34.4659 | N6: 34.4528 | O6: 34.2577 | P6: 34.2109 | Q6: 34.517 | R6: 28.9162 | S6: 3.9689 | T6: 237.6253 | U6: 943.1077
A7: 14657.832 | B7: 0.9881 | C7: 57.7551 | D7: 0.9709 | E7: 2.3907 | F7: 6.4043 | G7: 9.1828 | H7: -0.7577 | I7: 8.3183 | J7: 7.6383 | K7: 34.3094 | L7: 34.4779 | M7: 34.455 | N7: 34.433 | O7: 34.2551 | P7: 34.2073 | Q7: 34.4784 | R7: 28.9093 | S7: 3.9686 | T7: 237.6732 | U7: 943.2284
A8: 14658.832 | B8: 0.9881 | C8: 57.7452 | D8: 1.2795 | E8: 2.0203 | F8: 7.207 | G8: 8.3186 | H8: -0.0785 | I8: 8.3183 | J8: 6.9592 | K8: 34.3183 | L8: 34.47 | M8: 34.4785 | N8: 34.4274 | O8: 34.2588 | P8: 34.219 | Q8: 34.5075 | R8: 28.9064 | S8: 3.9685 | T8: 237.7146 | U8: 943.3657
A9: 14659.833 | B9: 0.9899 | C9: 57.1628 | D9: 1.2178 | E9: 2.2055 | F9: 5.7869 | G9: 8.6272 | H9: 0.6007 | I9: 7.7009 | J9: 7.2679 | K9: 34.3028 | L9: 34.4662 | M9: 34.4774 | N9: 34.4222 | O9: 34.2513 | P9: 34.2133 | Q9: 34.5299 | R9: 28.9092 | S9: 3.9684 | T9: 237.741 | U9: 943.4488
A10: 14660.832 | B10: 0.9899 | C10: 57.9175 | D10: 0.045 | E10: 2.8228 | F10: 5.9722 | G10: 9.0594 | H10: -0.0785 | I10: 8.1948 | J10: 7.0827 | K10: 34.2897 | L10: 34.4702 | M10: 34.4711 | N10: 34.4196 | O10: 34.27 | P10: 34.2161 | Q10: 34.4894 | R10: 28.8975 | S10: 3.9684 | T10: 237.7335 | U10: 943.4124
A11: 14661.832 | B11: 0.993 | C11: 57.7056 | D11: 1.3412 | E11: 2.2055 | F11: 6.0339 | G11: 8.1334 | H11: 0.1685 | I11: 7.7009 | J11: 6.8974 | K11: 34.3005 | L11: 34.4692 | M11: 34.4847 | N11: 34.421 | O11: 34.249 | P11: 34.205 | Q11: 34.5076 | R11: 28.9122 | S11: 3.9684 | T11: 237.7664 | U11: 943.5421
A12: 14662.832 | B12: 0.9922 | C12: 57.7504 | D12: 1.2795 | E12: 1.8351 | F12: 6.5278 | G12: 8.0716 | H12: 0.4155 | I12: 7.8244 | J12: 7.2061 | K12: 34.285 | L12: 34.4711 | M12: 34.4786 | N12: 34.4355 | O12: 34.2541 | P12: 34.2142 | Q12: 34.5076 | R12: 28.92 | S12: 3.9683 | T12: 237.752 | U12: 943.4631
A13: 14663.832 | B13: 0.9926 | C13: 57.615 | D13: 1.0326 | E13: 1.7116 | F13: 6.5278 | G13: 8.6272 | H13: -0.202 | I13: 8.38 | J13: 7.6383 | K13: 34.2871 | L13: 34.484 | M13: 34.484 | N13: 34.4161 | O13: 34.2449 | P13: 34.2108 | Q13: 34.5013 | R13: 28.9033 | S13: 3.9684 | T13: 237.7484 | U13: 943.4737
A14: 14664.832 | B14: 0.9938 | C14: 57.4398 | D14: 1.3412 | E14: 2.1438 | F14: 6.1574 | G14: 8.6272 | H14: 0.2302 | I14: 7.5157 | J14: 7.7001 | K14: 34.304 | L14: 34.4768 | M14: 34.4651 | N14: 34.4215 | O14: 34.2595 | P14: 34.2061 | Q14: 34.5049 | R14: 28.9057 | S14: 3.9683 | T14: 237.7655 | U14: 943.5348
A15: 14665.832 | B15: 0.9924 | C15: 57.3778 | D15: 1.403 | E15: 1.9585 | F15: 6.7748 | G15: 8.3186 | H15: 0.5389 | I15: 8.2565 | J15: 6.7122 | K15: 34.3182 | L15: 34.4745 | M15: 34.4707 | N15: 34.4393 | O15: 34.2536 | P15: 34.2231 | Q15: 34.496 | R15: 28.9186 | S15: 3.9681 | T15: 237.7927 | U15: 943.5916
A16: 14666.832 | B16: 0.9889 | C16: 57.8416 | D16: 1.6499 | E16: 1.8351 | F16: 6.4661 | G16: 8.689 | H16: 0.7242 | I16: 8.9974 | J16: 6.5887 | K16: 34.2959 | L16: 34.4595 | M16: 34.475 | N16: 34.416 | O16: 34.2495 | P16: 34.2037 | Q16: 34.5059 | R16: 28.9221 | S16: 3.9683 | T16: 237.7557 | U16: 943.4786
... A604: 15254.832 | B604: 0.9944 | C604: 56.8379 | D604: 1.403 | E604: 2.329 | F604: 5.9722 | G604: 8.1951 | H604: -0.0167 | I604: 8.38 | J604: 6.774 | K604: 34.1962 | L604: 34.3143 | M604: 34.3452 | N604: 34.3111 | O604: 34.1315 | P604: 34.0899 | Q604: 34.385 | R604: 28.9678 | S604: 3.9699 | T604: 237.2604 | U604: 941.8942

Sheet Summary
A1: 75° Valve Position: 1kW (steady-state summary)
A3: Channel | B3: Mean | C3: Std dev | D3: Min | E3: Max
A4: Elapsed Time (s) | B4: =AVERAGE('75° Valve Position - 1kW'!A5:A604) -> 14955.332 | C4: =STDEV('75° Valve Position - 1kW'!A5:A604) -> 173.34939 | D4: =MIN('75° Valve Position - 1kW'!A5:A604) -> 14655.832 | E4: =MAX('75° Valve Position - 1kW'!A5:A604) -> 15254.832
A5: Heat Exchanger Flow (GPM) | B5: =AVERAGE('75° Valve Position - 1kW'!B5:B604) -> 0.994976 | C5: =STDEV('75° Valve Position - 1kW'!B5:B604) -> 0.0060301405 | D5: =MIN('75° Valve Position - 1kW'!B5:B604) -> 0.9772 | E5: =MAX('75° Valve Position - 1kW'!B5:B604) -> 1.0079
A6: Main Loop Flow (GPM) | B6: =AVERAGE('75° Valve Position - 1kW'!C5:C604) -> 57.537233 | C6: =STDEV('75° Valve Position - 1kW'!C5:C604) -> 0.24106117 | D6: =MIN('75° Valve Position - 1kW'!C5:C604) -> 55.0429 | E6: =MAX('75° Valve Position - 1kW'!C5:C604) -> 58.3766
A7: P1 (psi) | B7: =AVERAGE('75° Valve Position - 1kW'!D5:D604) -> 1.3563708 | C7: =STDEV('75° Valve Position - 1kW'!D5:D604) -> 0.32376817 | D7: =MIN('75° Valve Position - 1kW'!D5:D604) -> 0.045 | E7: =MAX('75° Valve Position - 1kW'!D5:D604) -> 3.1931
A8: P2 (psi) | B8: =AVERAGE('75° Valve Position - 1kW'!E5:E604) -> 2.1553802 | C8: =STDEV('75° Valve Position - 1kW'!E5:E604) -> 0.37082545 | D8: =MIN('75° Valve Position - 1kW'!E5:E604) -> 0.0447 | E8: =MAX('75° Valve Position - 1kW'!E5:E604) -> 3.6872
A9: P3 (psi) | B9: =AVERAGE('75° Valve Position - 1kW'!F5:F604) -> 6.3314863 | C9: =STDEV('75° Valve Position - 1kW'!F5:F604) -> 0.36708013 | D9: =MIN('75° Valve Position - 1kW'!F5:F604) -> 3.9965 | E9: =MAX('75° Valve Position - 1kW'!F5:F604) -> 7.7626
A10: P4 (psi) | B10: =AVERAGE('75° Valve Position - 1kW'!G5:G604) -> 8.5646762 | C10: =STDEV('75° Valve Position - 1kW'!G5:G604) -> 0.36093606 | D10: =MIN('75° Valve Position - 1kW'!G5:G604) -> 6.8987 | E10: =MAX('75° Valve Position - 1kW'!G5:G604) -> 10.1706
A11: P5 (psi) | B11: =AVERAGE('75° Valve Position - 1kW'!H5:H604) -> 0.055907 | C11: =STDEV('75° Valve Position - 1kW'!H5:H604) -> 0.33819215 | D11: =MIN('75° Valve Position - 1kW'!H5:H604) -> -2.116 | E11: =MAX('75° Valve Position - 1kW'!H5:H604) -> 1.5268
A12: P6 (psi) | B12: =AVERAGE('75° Valve Position - 1kW'!I5:I604) -> 8.3039782 | C12: =STDEV('75° Valve Position - 1kW'!I5:I604) -> 0.3584285 | D12: =MIN('75° Valve Position - 1kW'!I5:I604) -> 6.9601 | E12: =MAX('75° Valve Position - 1kW'!I5:I604) -> 9.7999
A13: P7 (psi) | B13: =AVERAGE('75° Valve Position - 1kW'!J5:J604) -> 7.0209215 | C13: =STDEV('75° Valve Position - 1kW'!J5:J604) -> 0.356738 | D13: =MIN('75° Valve Position - 1kW'!J5:J604) -> 5.3539 | E13: =MAX('75° Valve Position - 1kW'!J5:J604) -> 8.2557
A14: T1 (deg C) | B14: =AVERAGE('75° Valve Position - 1kW'!K5:K604) -> 34.230505 | C14: =STDEV('75° Valve Position - 1kW'!K5:K604) -> 0.036603897 | D14: =MIN('75° Valve Position - 1kW'!K5:K604) -> 34.1519 | E14: =MAX('75° Valve Position - 1kW'!K5:K604) -> 34.3304
A15: T2 (deg C) | B15: =AVERAGE('75° Valve Position - 1kW'!L5:L604) -> 34.400036 | C15: =STDEV('75° Valve Position - 1kW'!L5:L604) -> 0.038198572 | D15: =MIN('75° Valve Position - 1kW'!L5:L604) -> 34.3064 | E15: =MAX('75° Valve Position - 1kW'!L5:L604) -> 34.4887
A16: T3 (deg C) | B16: =AVERAGE('75° Valve Position - 1kW'!M5:M604) -> 34.404022 | C16: =STDEV('75° Valve Position - 1kW'!M5:M604) -> 0.038444275 | D16: =MIN('75° Valve Position - 1kW'!M5:M604) -> 34.3266 | E16: =MAX('75° Valve Position - 1kW'!M5:M604) -> 34.4917
A17: T4 (deg C) | B17: =AVERAGE('75° Valve Position - 1kW'!N5:N604) -> 34.357194 | C17: =STDEV('75° Valve Position - 1kW'!N5:N604) -> 0.036541466 | D17: =MIN('75° Valve Position - 1kW'!N5:N604) -> 34.2833 | E17: =MAX('75° Valve Position - 1kW'!N5:N604) -> 34.4528
A18: T5 (deg C) | B18: =AVERAGE('75° Valve Position - 1kW'!O5:O604) -> 34.181929 | C18: =STDEV('75° Valve Position - 1kW'!O5:O604) -> 0.037707871 | D18: =MIN('75° Valve Position - 1kW'!O5:O604) -> 34.1041 | E18: =MAX('75° Valve Position - 1kW'!O5:O604) -> 34.27
A19: T6 (deg C) | B19: =AVERAGE('75° Valve Position - 1kW'!P5:P604) -> 34.140012 | C19: =STDEV('75° Valve Position - 1kW'!P5:P604) -> 0.038217776 | D19: =MIN('75° Valve Position - 1kW'!P5:P604) -> 34.0649 | E19: =MAX('75° Valve Position - 1kW'!P5:P604) -> 34.2277
A20: T7 (deg C) | B20: =AVERAGE('75° Valve Position - 1kW'!Q5:Q604) -> 34.434114 | C20: =STDEV('75° Valve Position - 1kW'!Q5:Q604) -> 0.037217205 | D20: =MIN('75° Valve Position - 1kW'!Q5:Q604) -> 34.3503 | E20: =MAX('75° Valve Position - 1kW'!Q5:Q604) -> 34.5299
A21: T8 (deg C) | B21: =AVERAGE('75° Valve Position - 1kW'!R5:R604) -> 28.940989 | C21: =STDEV('75° Valve Position - 1kW'!R5:R604) -> 0.016114137 | D21: =MIN('75° Valve Position - 1kW'!R5:R604) -> 28.8975 | E21: =MAX('75° Valve Position - 1kW'!R5:R604) -> 28.9833
A22: Rod voltage (V) | B22: =AVERAGE('75° Valve Position - 1kW'!S5:S604) -> 3.9691702 | C22: =STDEV('75° Valve Position - 1kW'!S5:S604) -> 0.00065256139 | D22: =MIN('75° Valve Position - 1kW'!S5:S604) -> 3.9669 | E22: =MAX('75° Valve Position - 1kW'!S5:S604) -> 3.97
A23: Rod Current (A) | B23: =AVERAGE('75° Valve Position - 1kW'!T5:T604) -> 237.48193 | C23: =STDEV('75° Valve Position - 1kW'!T5:T604) -> 0.1936212 | D23: =MIN('75° Valve Position - 1kW'!T5:T604) -> 237.2366 | E23: =MAX('75° Valve Position - 1kW'!T5:T604) -> 238.0888
A24: Rod Power (W) | B24: =AVERAGE('75° Valve Position - 1kW'!U5:U604) -> 942.60626 | C24: =STDEV('75° Valve Position - 1kW'!U5:U604) -> 0.61575816 | D24: =MIN('75° Valve Position - 1kW'!U5:U604) -> 941.8256 | E24: =MAX('75° Valve Position - 1kW'!U5:U604) -> 944.4855
A26: Derived (difference of means)
A27: Core ΔT: T2 − T3 (°C) | B27: =B15-B16 -> -0.0039865
A28: Core ΔP: P3 − P2 (psi) | B28: =B9-B8 -> 4.1761062
A29: T3 − T4 (°C), same water | B29: =B16-B17 -> 0.046828333
A30: T7 − T4 (°C), bypass flag | B30: =B20-B17 -> 0.07692
A31: City-water rise: T6 − T8 (°C) | B31: =B19-B21 -> 5.1990228
A33: Window length (min) | B33: =(E4-D4)/60 -> 9.9833333
